index,satellite position,satellite velocity,satellite acceleration,time,sv
0.0,"[nan, nan, nan]","[nan, nan, nan]","[nan, nan, nan]",2020-03-05 12:00:00,G01
1.0,"[nan, nan, nan]","[nan, nan, nan]","[nan, nan, nan]",2020-03-05 12:00:00,G02
2.0,"[nan, nan, nan]","[nan, nan, nan]","[nan, nan, nan]",2020-03-05 12:00:00,G03
3.0,"[nan, nan, nan]","[nan, nan, nan]","[nan, nan, nan]",2020-03-05 12:00:00,G05
4.0,"[nan, nan, nan]","[nan, nan, nan]","[nan, nan, nan]",2020-03-05 12:00:00,G06
5.0,"[nan, nan, nan]","[nan, nan, nan]","[nan, nan, nan]",2020-03-05 12:00:00,G07
6.0,"[nan, nan, nan]","[nan, nan, nan]","[nan, nan, nan]",2020-03-05 12:00:00,G08
7.0,"[nan, nan, nan]","[nan, nan, nan]","[nan, nan, nan]",2020-03-05 12:00:00,G09
8.0,"[nan, nan, nan]","[nan, nan, nan]","[nan, nan, nan]",2020-03-05 12:00:00,G10
9.0,"[nan, nan, nan]","[nan, nan, nan]","[nan, nan, nan]",2020-03-05 12:00:00,G11
10.0,"[nan, nan, nan]","[nan, nan, nan]","[nan, nan, nan]",2020-03-05 12:00:00,G12
11.0,"[nan, nan, nan]","[nan, nan, nan]","[nan, nan, nan]",2020-03-05 12:00:00,G13
12.0,"[nan, nan, nan]","[nan, nan, nan]","[nan, nan, nan]",2020-03-05 12:00:00,G14
13.0,"[nan, nan, nan]","[nan, nan, nan]","[nan, nan, nan]",2020-03-05 12:00:00,G15
14.0,"[nan, nan, nan]","[nan, nan, nan]","[nan, nan, nan]",2020-03-05 12:00:00,G16
15.0,"[nan, nan, nan]","[nan, nan, nan]","[nan, nan, nan]",2020-03-05 12:00:00,G17
16.0,"[-769119.5344563969, -25756614.782528903, 4464375.196307775]","[403.06889158130497, -200.56695292379723, -3148.26119987241]","[-0.016199214097132333, 0.3783043770592537, -0.0995188047569607]",2020-03-05 12:00:00,G18
17.0,"[nan, nan, nan]","[nan, nan, nan]","[nan, nan, nan]",2020-03-05 12:00:00,G19
18.0,"[nan, nan, nan]","[nan, nan, nan]","[nan, nan, nan]",2020-03-05 12:00:00,G20
19.0,"[nan, nan, nan]","[nan, nan, nan]","[nan, nan, nan]",2020-03-05 12:00:00,G21
20.0,"[nan, nan, nan]","[nan, nan, nan]","[nan, nan, nan]",2020-03-05 12:00:00,G22
21.0,"[nan, nan, nan]","[nan, nan, nan]","[nan, nan, nan]",2020-03-05 12:00:00,G23
22.0,"[nan, nan, nan]","[nan, nan, nan]","[nan, nan, nan]",2020-03-05 12:00:00,G24
23.0,"[nan, nan, nan]","[nan, nan, nan]","[nan, nan, nan]",2020-03-05 12:00:00,G25
24.0,"[nan, nan, nan]","[nan, nan, nan]","[nan, nan, nan]",2020-03-05 12:00:00,G26
25.0,"[nan, nan, nan]","[nan, nan, nan]","[nan, nan, nan]",2020-03-05 12:00:00,G27
26.0,"[nan, nan, nan]","[nan, nan, nan]","[nan, nan, nan]",2020-03-05 12:00:00,G28
27.0,"[nan, nan, nan]","[nan, nan, nan]","[nan, nan, nan]",2020-03-05 12:00:00,G29
28.0,"[nan, nan, nan]","[nan, nan, nan]","[nan, nan, nan]",2020-03-05 12:00:00,G30
29.0,"[nan, nan, nan]","[nan, nan, nan]","[nan, nan, nan]",2020-03-05 12:00:00,G31
30.0,"[nan, nan, nan]","[nan, nan, nan]","[nan, nan, nan]",2020-03-05 12:00:00,G32
31.0,"[nan, nan, nan]","[nan, nan, nan]","[nan, nan, nan]",2023-03-01 22:00:00,G01
32.0,"[nan, nan, nan]","[nan, nan, nan]","[nan, nan, nan]",2023-03-01 22:00:00,G02
33.0,"[nan, nan, nan]","[nan, nan, nan]","[nan, nan, nan]",2023-03-01 22:00:00,G03
34.0,"[nan, nan, nan]","[nan, nan, nan]","[nan, nan, nan]",2023-03-01 22:00:00,G05
35.0,"[nan, nan, nan]","[nan, nan, nan]","[nan, nan, nan]",2023-03-01 22:00:00,G06
36.0,"[nan, nan, nan]","[nan, nan, nan]","[nan, nan, nan]",2023-03-01 22:00:00,G07
37.0,"[nan, nan, nan]","[nan, nan, nan]","[nan, nan, nan]",2023-03-01 22:00:00,G08
38.0,"[nan, nan, nan]","[nan, nan, nan]","[nan, nan, nan]",2023-03-01 22:00:00,G09
39.0,"[19623653.602052335, 4866470.208199702, 17435074.880887095]","[-1996.1346341495664, 3147.5669312075916, 1950.7296613584276]","[0.15237578707002725, 0.21506912278651047, -0.36524877944686174]",2023-03-01 22:00:00,G10
40.0,"[nan, nan, nan]","[nan, nan, nan]","[nan, nan, nan]",2023-03-01 22:00:00,G11
41.0,"[nan, nan, nan]","[nan, nan, nan]","[nan, nan, nan]",2023-03-01 22:00:00,G12
42.0,"[nan, nan, nan]","[nan, nan, nan]","[nan, nan, nan]",2023-03-01 22:00:00,G13
43.0,"[nan, nan, nan]","[nan, nan, nan]","[nan, nan, nan]",2023-03-01 22:00:00,G14
44.0,"[nan, nan, nan]","[nan, nan, nan]","[nan, nan, nan]",2023-03-01 22:00:00,G15
45.0,"[nan, nan, nan]","[nan, nan, nan]","[nan, nan, nan]",2023-03-01 22:00:00,G16
46.0,"[nan, nan, nan]","[nan, nan, nan]","[nan, nan, nan]",2023-03-01 22:00:00,G17
47.0,"[nan, nan, nan]","[nan, nan, nan]","[nan, nan, nan]",2023-03-01 22:00:00,G18
48.0,"[nan, nan, nan]","[nan, nan, nan]","[nan, nan, nan]",2023-03-01 22:00:00,G19
49.0,"[nan, nan, nan]","[nan, nan, nan]","[nan, nan, nan]",2023-03-01 22:00:00,G20
50.0,"[nan, nan, nan]","[nan, nan, nan]","[nan, nan, nan]",2023-03-01 22:00:00,G21
51.0,"[nan, nan, nan]","[nan, nan, nan]","[nan, nan, nan]",2023-03-01 22:00:00,G22
52.0,"[nan, nan, nan]","[nan, nan, nan]","[nan, nan, nan]",2023-03-01 22:00:00,G23
53.0,"[nan, nan, nan]","[nan, nan, nan]","[nan, nan, nan]",2023-03-01 22:00:00,G24
54.0,"[nan, nan, nan]","[nan, nan, nan]","[nan, nan, nan]",2023-03-01 22:00:00,G25
55.0,"[nan, nan, nan]","[nan, nan, nan]","[nan, nan, nan]",2023-03-01 22:00:00,G26
56.0,"[nan, nan, nan]","[nan, nan, nan]","[nan, nan, nan]",2023-03-01 22:00:00,G27
57.0,"[nan, nan, nan]","[nan, nan, nan]","[nan, nan, nan]",2023-03-01 22:00:00,G28
58.0,"[nan, nan, nan]","[nan, nan, nan]","[nan, nan, nan]",2023-03-01 22:00:00,G29
59.0,"[nan, nan, nan]","[nan, nan, nan]","[nan, nan, nan]",2023-03-01 22:00:00,G30
60.0,"[nan, nan, nan]","[nan, nan, nan]","[nan, nan, nan]",2023-03-01 22:00:00,G31
61.0,"[nan, nan, nan]","[nan, nan, nan]","[nan, nan, nan]",2023-03-01 22:00:00,G32
62.0,"[nan, nan, nan]","[nan, nan, nan]","[nan, nan, nan]",2023-03-02 00:00:00,G01
63.0,"[nan, nan, nan]","[nan, nan, nan]","[nan, nan, nan]",2023-03-02 00:00:00,G02
64.0,"[nan, nan, nan]","[nan, nan, nan]","[nan, nan, nan]",2023-03-02 00:00:00,G03
65.0,"[nan, nan, nan]","[nan, nan, nan]","[nan, nan, nan]",2023-03-02 00:00:00,G05
66.0,"[nan, nan, nan]","[nan, nan, nan]","[nan, nan, nan]",2023-03-02 00:00:00,G06
67.0,"[nan, nan, nan]","[nan, nan, nan]","[nan, nan, nan]",2023-03-02 00:00:00,G07
68.0,"[nan, nan, nan]","[nan, nan, nan]","[nan, nan, nan]",2023-03-02 00:00:00,G08
69.0,"[nan, nan, nan]","[nan, nan, nan]","[nan, nan, nan]",2023-03-02 00:00:00,G09
70.0,"[nan, nan, nan]","[nan, nan, nan]","[nan, nan, nan]",2023-03-02 00:00:00,G10
71.0,"[nan, nan, nan]","[nan, nan, nan]","[nan, nan, nan]",2023-03-02 00:00:00,G11
72.0,"[nan, nan, nan]","[nan, nan, nan]","[nan, nan, nan]",2023-03-02 00:00:00,G12
73.0,"[nan, nan, nan]","[nan, nan, nan]","[nan, nan, nan]",2023-03-02 00:00:00,G13
74.0,"[nan, nan, nan]","[nan, nan, nan]","[nan, nan, nan]",2023-03-02 00:00:00,G14
75.0,"[nan, nan, nan]","[nan, nan, nan]","[nan, nan, nan]",2023-03-02 00:00:00,G15
76.0,"[nan, nan, nan]","[nan, nan, nan]","[nan, nan, nan]",2023-03-02 00:00:00,G16
77.0,"[nan, nan, nan]","[nan, nan, nan]","[nan, nan, nan]",2023-03-02 00:00:00,G17
78.0,"[nan, nan, nan]","[nan, nan, nan]","[nan, nan, nan]",2023-03-02 00:00:00,G18
79.0,"[nan, nan, nan]","[nan, nan, nan]","[nan, nan, nan]",2023-03-02 00:00:00,G19
80.0,"[nan, nan, nan]","[nan, nan, nan]","[nan, nan, nan]",2023-03-02 00:00:00,G20
81.0,"[nan, nan, nan]","[nan, nan, nan]","[nan, nan, nan]",2023-03-02 00:00:00,G21
82.0,"[nan, nan, nan]","[nan, nan, nan]","[nan, nan, nan]",2023-03-02 00:00:00,G22
83.0,"[nan, nan, nan]","[nan, nan, nan]","[nan, nan, nan]",2023-03-02 00:00:00,G23
84.0,"[nan, nan, nan]","[nan, nan, nan]","[nan, nan, nan]",2023-03-02 00:00:00,G24
85.0,"[nan, nan, nan]","[nan, nan, nan]","[nan, nan, nan]",2023-03-02 00:00:00,G25
86.0,"[nan, nan, nan]","[nan, nan, nan]","[nan, nan, nan]",2023-03-02 00:00:00,G26
87.0,"[nan, nan, nan]","[nan, nan, nan]","[nan, nan, nan]",2023-03-02 00:00:00,G27
88.0,"[nan, nan, nan]","[nan, nan, nan]","[nan, nan, nan]",2023-03-02 00:00:00,G28
89.0,"[nan, nan, nan]","[nan, nan, nan]","[nan, nan, nan]",2023-03-02 00:00:00,G29
90.0,"[nan, nan, nan]","[nan, nan, nan]","[nan, nan, nan]",2023-03-02 00:00:00,G30
91.0,"[nan, nan, nan]","[nan, nan, nan]","[nan, nan, nan]",2023-03-02 00:00:00,G31
92.0,"[19346262.588893667, 12336932.428860176, 13651157.698487]","[-1732.3363824596909, 2975.6202292027447, 2457.4342521982176]","[0.13167065882687481, 0.059873604726197, -0.28595307932315406]",2023-03-02 00:00:00,G32
93.0,"[nan, nan, nan]","[nan, nan, nan]","[nan, nan, nan]",2023-03-02 01:59:44,G01
94.0,"[nan, nan, nan]","[nan, nan, nan]","[nan, nan, nan]",2023-03-02 01:59:44,G02
95.0,"[nan, nan, nan]","[nan, nan, nan]","[nan, nan, nan]",2023-03-02 01:59:44,G03
96.0,"[nan, nan, nan]","[nan, nan, nan]","[nan, nan, nan]",2023-03-02 01:59:44,G05
97.0,"[nan, nan, nan]","[nan, nan, nan]","[nan, nan, nan]",2023-03-02 01:59:44,G06
98.0,"[nan, nan, nan]","[nan, nan, nan]","[nan, nan, nan]",2023-03-02 01:59:44,G07
99.0,"[nan, nan, nan]","[nan, nan, nan]","[nan, nan, nan]",2023-03-02 01:59:44,G08
100.0,"[nan, nan, nan]","[nan, nan, nan]","[nan, nan, nan]",2023-03-02 01:59:44,G09
101.0,"[nan, nan, nan]","[nan, nan, nan]","[nan, nan, nan]",2023-03-02 01:59:44,G10
102.0,"[nan, nan, nan]","[nan, nan, nan]","[nan, nan, nan]",2023-03-02 01:59:44,G11
103.0,"[nan, nan, nan]","[nan, nan, nan]","[nan, nan, nan]",2023-03-02 01:59:44,G12
104.0,"[nan, nan, nan]","[nan, nan, nan]","[nan, nan, nan]",2023-03-02 01:59:44,G13
105.0,"[nan, nan, nan]","[nan, nan, nan]","[nan, nan, nan]",2023-03-02 01:59:44,G14
106.0,"[nan, nan, nan]","[nan, nan, nan]","[nan, nan, nan]",2023-03-02 01:59:44,G15
107.0,"[nan, nan, nan]","[nan, nan, nan]","[nan, nan, nan]",2023-03-02 01:59:44,G16
108.0,"[nan, nan, nan]","[nan, nan, nan]","[nan, nan, nan]",2023-03-02 01:59:44,G17
109.0,"[nan, nan, nan]","[nan, nan, nan]","[nan, nan, nan]",2023-03-02 01:59:44,G18
110.0,"[nan, nan, nan]","[nan, nan, nan]","[nan, nan, nan]",2023-03-02 01:59:44,G19
111.0,"[nan, nan, nan]","[nan, nan, nan]","[nan, nan, nan]",2023-03-02 01:59:44,G20
112.0,"[nan, nan, nan]","[nan, nan, nan]","[nan, nan, nan]",2023-03-02 01:59:44,G21
113.0,"[nan, nan, nan]","[nan, nan, nan]","[nan, nan, nan]",2023-03-02 01:59:44,G22
114.0,"[nan, nan, nan]","[nan, nan, nan]","[nan, nan, nan]",2023-03-02 01:59:44,G23
115.0,"[nan, nan, nan]","[nan, nan, nan]","[nan, nan, nan]",2023-03-02 01:59:44,G24
116.0,"[nan, nan, nan]","[nan, nan, nan]","[nan, nan, nan]",2023-03-02 01:59:44,G25
117.0,"[nan, nan, nan]","[nan, nan, nan]","[nan, nan, nan]",2023-03-02 01:59:44,G26
118.0,"[nan, nan, nan]","[nan, nan, nan]","[nan, nan, nan]",2023-03-02 01:59:44,G27
119.0,"[nan, nan, nan]","[nan, nan, nan]","[nan, nan, nan]",2023-03-02 01:59:44,G28
120.0,"[nan, nan, nan]","[nan, nan, nan]","[nan, nan, nan]",2023-03-02 01:59:44,G29
121.0,"[nan, nan, nan]","[nan, nan, nan]","[nan, nan, nan]",2023-03-02 01:59:44,G30
122.0,"[-3455324.4842442814, -17866651.962365367, -19172297.78010942]","[2191.845960967188, -404.87220691441337, -1482.7844711961]","[-0.002863487695324407, -0.02914987187127252, 0.41377077796637424]",2023-03-02 01:59:44,G31
123.0,"[nan, nan, nan]","[nan, nan, nan]","[nan, nan, nan]",2023-03-02 01:59:44,G32
124.0,"[-17065353.300366253, 3256414.1865030974, -20267353.10562185]","[-1943.4058123662503, -2910.5958807207653, 1313.6710608803928]","[-0.15770319886605655, 0.23252284804134804, 0.4246923501832042]",2023-03-02 02:00:00,G01
125.0,"[nan, nan, nan]","[nan, nan, nan]","[nan, nan, nan]",2023-03-02 02:00:00,G02
126.0,"[nan, nan, nan]","[nan, nan, nan]","[nan, nan, nan]",2023-03-02 02:00:00,G03
127.0,"[nan, nan, nan]","[nan, nan, nan]","[nan, nan, nan]",2023-03-02 02:00:00,G05
128.0,"[nan, nan, nan]","[nan, nan, nan]","[nan, nan, nan]",2023-03-02 02:00:00,G06
129.0,"[nan, nan, nan]","[nan, nan, nan]","[nan, nan, nan]",2023-03-02 02:00:00,G07
130.0,"[nan, nan, nan]","[nan, nan, nan]","[nan, nan, nan]",2023-03-02 02:00:00,G08
131.0,"[nan, nan, nan]","[nan, nan, nan]","[nan, nan, nan]",2023-03-02 02:00:00,G09
132.0,"[nan, nan, nan]","[nan, nan, nan]","[nan, nan, nan]",2023-03-02 02:00:00,G10
133.0,"[nan, nan, nan]","[nan, nan, nan]","[nan, nan, nan]",2023-03-02 02:00:00,G11
134.0,"[12790892.104481228, -19684217.72655764, -11993978.02984653]","[-80.80589605728821, 2240.9728814913124, -2683.3482379129637]","[0.11653669100273525, 0.33540836749582664, 0.2610176114734805]",2023-03-02 02:00:00,G12
135.0,"[nan, nan, nan]","[nan, nan, nan]","[nan, nan, nan]",2023-03-02 02:00:00,G13
136.0,"[nan, nan, nan]","[nan, nan, nan]","[nan, nan, nan]",2023-03-02 02:00:00,G14
137.0,"[nan, nan, nan]","[nan, nan, nan]","[nan, nan, nan]",2023-03-02 02:00:00,G15
138.0,"[nan, nan, nan]","[nan, nan, nan]","[nan, nan, nan]",2023-03-02 02:00:00,G16
139.0,"[nan, nan, nan]","[nan, nan, nan]","[nan, nan, nan]",2023-03-02 02:00:00,G17
140.0,"[nan, nan, nan]","[nan, nan, nan]","[nan, nan, nan]",2023-03-02 02:00:00,G18
141.0,"[25429842.41461047, -6759591.764481987, -474923.1810698376]","[15.380910751534355, 3978.5568507845223, -3234.6039104418087]","[0.15929912420182232, 0.10964902289910049, 0.010388834372051273]",2023-03-02 02:00:00,G19
142.0,"[nan, nan, nan]","[nan, nan, nan]","[nan, nan, nan]",2023-03-02 02:00:00,G20
143.0,"[-5996101.424262515, -19054007.42582299, 18060023.30379773]","[1927.9688580864574, -723.2901013128613, 1750.1170045090842]","[-0.014994862507051128, 0.006378160730950752, -0.368657893617686]",2023-03-02 02:00:00,G21
144.0,"[21220624.660853326, 4918458.650677783, 15644188.316240195]","[-1830.7788267005326, 3346.9549366643105, 2192.464281953179]","[0.16248680309166363, 0.19152885862831626, -0.32331495175741337]",2023-03-02 02:00:00,G22
145.0,"[nan, nan, nan]","[nan, nan, nan]","[nan, nan, nan]",2023-03-02 02:00:00,G23
146.0,"[nan, nan, nan]","[nan, nan, nan]","[nan, nan, nan]",2023-03-02 02:00:00,G24
147.0,"[10131926.50469097, -22082473.162651263, -10065702.350558946]","[138.60295356497622, 1771.8349248863715, -2824.9375880871653]","[0.09023578117402223, 0.34631722917279295, 0.2206399539540593]",2023-03-02 02:00:00,G25
148.0,"[nan, nan, nan]","[nan, nan, nan]","[nan, nan, nan]",2023-03-02 02:00:00,G26
149.0,"[nan, nan, nan]","[nan, nan, nan]","[nan, nan, nan]",2023-03-02 02:00:00,G27
150.0,"[-22809736.58327159, -12755857.152570631, 4594608.703589411]","[-307.20788873056233, -3619.4477276015796, -3108.98870624882]","[-0.16248841901472338, 0.24913495009581998, -0.09804942427684407]",2023-03-02 02:00:00,G28
151.0,"[nan, nan, nan]","[nan, nan, nan]","[nan, nan, nan]",2023-03-02 02:00:00,G29
152.0,"[nan, nan, nan]","[nan, nan, nan]","[nan, nan, nan]",2023-03-02 02:00:00,G30
153.0,"[nan, nan, nan]","[nan, nan, nan]","[nan, nan, nan]",2023-03-02 02:00:00,G31
154.0,"[nan, nan, nan]","[nan, nan, nan]","[nan, nan, nan]",2023-03-02 02:00:00,G32
155.0,"[nan, nan, nan]","[nan, nan, nan]","[nan, nan, nan]",2023-03-02 04:00:00,G01
156.0,"[nan, nan, nan]","[nan, nan, nan]","[nan, nan, nan]",2023-03-02 04:00:00,G02
157.0,"[-16212851.200506065, -2540663.4014796745, -20931674.197637837]","[-924.4549251911857, -2934.410647345332, 996.1133147992578]","[-0.17079548070475029, 0.17512424323992698, 0.44340183408677464]",2023-03-02 04:00:00,G03
158.0,"[nan, nan, nan]","[nan, nan, nan]","[nan, nan, nan]",2023-03-02 04:00:00,G05
159.0,"[nan, nan, nan]","[nan, nan, nan]","[nan, nan, nan]",2023-03-02 04:00:00,G06
160.0,"[nan, nan, nan]","[nan, nan, nan]","[nan, nan, nan]",2023-03-02 04:00:00,G07
161.0,"[nan, nan, nan]","[nan, nan, nan]","[nan, nan, nan]",2023-03-02 04:00:00,G08
162.0,"[nan, nan, nan]","[nan, nan, nan]","[nan, nan, nan]",2023-03-02 04:00:00,G09
163.0,"[nan, nan, nan]","[nan, nan, nan]","[nan, nan, nan]",2023-03-02 04:00:00,G10
164.0,"[nan, nan, nan]","[nan, nan, nan]","[nan, nan, nan]",2023-03-02 04:00:00,G11
165.0,"[nan, nan, nan]","[nan, nan, nan]","[nan, nan, nan]",2023-03-02 04:00:00,G12
166.0,"[nan, nan, nan]","[nan, nan, nan]","[nan, nan, nan]",2023-03-02 04:00:00,G13
167.0,"[nan, nan, nan]","[nan, nan, nan]","[nan, nan, nan]",2023-03-02 04:00:00,G14
168.0,"[nan, nan, nan]","[nan, nan, nan]","[nan, nan, nan]",2023-03-02 04:00:00,G15
169.0,"[nan, nan, nan]","[nan, nan, nan]","[nan, nan, nan]",2023-03-02 04:00:00,G16
170.0,"[nan, nan, nan]","[nan, nan, nan]","[nan, nan, nan]",2023-03-02 04:00:00,G17
171.0,"[nan, nan, nan]","[nan, nan, nan]","[nan, nan, nan]",2023-03-02 04:00:00,G18
172.0,"[nan, nan, nan]","[nan, nan, nan]","[nan, nan, nan]",2023-03-02 04:00:00,G19
173.0,"[nan, nan, nan]","[nan, nan, nan]","[nan, nan, nan]",2023-03-02 04:00:00,G20
174.0,"[nan, nan, nan]","[nan, nan, nan]","[nan, nan, nan]",2023-03-02 04:00:00,G21
175.0,"[nan, nan, nan]","[nan, nan, nan]","[nan, nan, nan]",2023-03-02 04:00:00,G22
176.0,"[nan, nan, nan]","[nan, nan, nan]","[nan, nan, nan]",2023-03-02 04:00:00,G23
177.0,"[nan, nan, nan]","[nan, nan, nan]","[nan, nan, nan]",2023-03-02 04:00:00,G24
178.0,"[nan, nan, nan]","[nan, nan, nan]","[nan, nan, nan]",2023-03-02 04:00:00,G25
179.0,"[1568182.454000635, -21898249.274468355, -14676529.002896702]","[1074.6299476955671, 378.0379238386731, -2276.303351846748]","[0.029533988578115875, 0.20075339598749492, 0.3176908327377873]",2023-03-02 04:00:00,G26
180.0,"[nan, nan, nan]","[nan, nan, nan]","[nan, nan, nan]",2023-03-02 04:00:00,G27
181.0,"[nan, nan, nan]","[nan, nan, nan]","[nan, nan, nan]",2023-03-02 04:00:00,G28
182.0,"[888662.6475839093, -19189114.77985201, 18292565.11677115]","[1668.9848110081637, -167.0442014749159, -1791.6714275934057]","[-0.03861254698506545, 0.0643046387230972, -0.3906802843413688]",2023-03-02 04:00:00,G29
183.0,"[nan, nan, nan]","[nan, nan, nan]","[nan, nan, nan]",2023-03-02 04:00:00,G30
184.0,"[nan, nan, nan]","[nan, nan, nan]","[nan, nan, nan]",2023-03-02 04:00:00,G31
185.0,"[nan, nan, nan]","[nan, nan, nan]","[nan, nan, nan]",2023-03-02 04:00:00,G32
186.0,"[nan, nan, nan]","[nan, nan, nan]","[nan, nan, nan]",2023-03-02 05:59:28,G01
187.0,"[nan, nan, nan]","[nan, nan, nan]","[nan, nan, nan]",2023-03-02 05:59:28,G02
188.0,"[nan, nan, nan]","[nan, nan, nan]","[nan, nan, nan]",2023-03-02 05:59:28,G03
189.0,"[nan, nan, nan]","[nan, nan, nan]","[nan, nan, nan]",2023-03-02 05:59:28,G05
190.0,"[-14793597.197843488, -8584974.311998246, 20359290.98123332]","[2370.3950176382555, -2449.1809344858, 1284.8904726244955]","[-0.12227406076975664, -0.209375750817906, -0.43164359226931925]",2023-03-02 05:59:28,G06
191.0,"[nan, nan, nan]","[nan, nan, nan]","[nan, nan, nan]",2023-03-02 05:59:28,G07
192.0,"[nan, nan, nan]","[nan, nan, nan]","[nan, nan, nan]",2023-03-02 05:59:28,G08
193.0,"[nan, nan, nan]","[nan, nan, nan]","[nan, nan, nan]",2023-03-02 05:59:28,G09
194.0,"[nan, nan, nan]","[nan, nan, nan]","[nan, nan, nan]",2023-03-02 05:59:28,G10
195.0,"[nan, nan, nan]","[nan, nan, nan]","[nan, nan, nan]",2023-03-02 05:59:28,G11
196.0,"[nan, nan, nan]","[nan, nan, nan]","[nan, nan, nan]",2023-03-02 05:59:28,G12
197.0,"[nan, nan, nan]","[nan, nan, nan]","[nan, nan, nan]",2023-03-02 05:59:28,G13
198.0,"[nan, nan, nan]","[nan, nan, nan]","[nan, nan, nan]",2023-03-02 05:59:28,G14
199.0,"[nan, nan, nan]","[nan, nan, nan]","[nan, nan, nan]",2023-03-02 05:59:28,G15
200.0,"[nan, nan, nan]","[nan, nan, nan]","[nan, nan, nan]",2023-03-02 05:59:28,G16
201.0,"[nan, nan, nan]","[nan, nan, nan]","[nan, nan, nan]",2023-03-02 05:59:28,G17
202.0,"[nan, nan, nan]","[nan, nan, nan]","[nan, nan, nan]",2023-03-02 05:59:28,G18
203.0,"[nan, nan, nan]","[nan, nan, nan]","[nan, nan, nan]",2023-03-02 05:59:28,G19
204.0,"[nan, nan, nan]","[nan, nan, nan]","[nan, nan, nan]",2023-03-02 05:59:28,G20
205.0,"[nan, nan, nan]","[nan, nan, nan]","[nan, nan, nan]",2023-03-02 05:59:28,G21
206.0,"[nan, nan, nan]","[nan, nan, nan]","[nan, nan, nan]",2023-03-02 05:59:28,G22
207.0,"[nan, nan, nan]","[nan, nan, nan]","[nan, nan, nan]",2023-03-02 05:59:28,G23
208.0,"[nan, nan, nan]","[nan, nan, nan]","[nan, nan, nan]",2023-03-02 05:59:28,G24
209.0,"[nan, nan, nan]","[nan, nan, nan]","[nan, nan, nan]",2023-03-02 05:59:28,G25
210.0,"[nan, nan, nan]","[nan, nan, nan]","[nan, nan, nan]",2023-03-02 05:59:28,G26
211.0,"[nan, nan, nan]","[nan, nan, nan]","[nan, nan, nan]",2023-03-02 05:59:28,G27
212.0,"[nan, nan, nan]","[nan, nan, nan]","[nan, nan, nan]",2023-03-02 05:59:28,G28
213.0,"[nan, nan, nan]","[nan, nan, nan]","[nan, nan, nan]",2023-03-02 05:59:28,G29
214.0,"[nan, nan, nan]","[nan, nan, nan]","[nan, nan, nan]",2023-03-02 05:59:28,G30
215.0,"[nan, nan, nan]","[nan, nan, nan]","[nan, nan, nan]",2023-03-02 05:59:28,G31
216.0,"[nan, nan, nan]","[nan, nan, nan]","[nan, nan, nan]",2023-03-02 05:59:28,G32
217.0,"[nan, nan, nan]","[nan, nan, nan]","[nan, nan, nan]",2023-03-02 05:59:44,G01
218.0,"[nan, nan, nan]","[nan, nan, nan]","[nan, nan, nan]",2023-03-02 05:59:44,G02
219.0,"[nan, nan, nan]","[nan, nan, nan]","[nan, nan, nan]",2023-03-02 05:59:44,G03
220.0,"[nan, nan, nan]","[nan, nan, nan]","[nan, nan, nan]",2023-03-02 05:59:44,G05
221.0,"[nan, nan, nan]","[nan, nan, nan]","[nan, nan, nan]",2023-03-02 05:59:44,G06
222.0,"[nan, nan, nan]","[nan, nan, nan]","[nan, nan, nan]",2023-03-02 05:59:44,G07
223.0,"[nan, nan, nan]","[nan, nan, nan]","[nan, nan, nan]",2023-03-02 05:59:44,G08
224.0,"[nan, nan, nan]","[nan, nan, nan]","[nan, nan, nan]",2023-03-02 05:59:44,G09
225.0,"[nan, nan, nan]","[nan, nan, nan]","[nan, nan, nan]",2023-03-02 05:59:44,G10
226.0,"[nan, nan, nan]","[nan, nan, nan]","[nan, nan, nan]",2023-03-02 05:59:44,G11
227.0,"[nan, nan, nan]","[nan, nan, nan]","[nan, nan, nan]",2023-03-02 05:59:44,G12
228.0,"[nan, nan, nan]","[nan, nan, nan]","[nan, nan, nan]",2023-03-02 05:59:44,G13
229.0,"[nan, nan, nan]","[nan, nan, nan]","[nan, nan, nan]",2023-03-02 05:59:44,G14
230.0,"[nan, nan, nan]","[nan, nan, nan]","[nan, nan, nan]",2023-03-02 05:59:44,G15
231.0,"[-4928954.60062746, -20084848.954767205, -16283071.757822234]","[1673.9979152256544, -568.9891266130498, -2142.275737450072]","[-0.00146876858837389, 0.0880188951424707, 0.3559387039383131]",2023-03-02 05:59:44,G16
232.0,"[nan, nan, nan]","[nan, nan, nan]","[nan, nan, nan]",2023-03-02 05:59:44,G17
233.0,"[nan, nan, nan]","[nan, nan, nan]","[nan, nan, nan]",2023-03-02 05:59:44,G18
234.0,"[nan, nan, nan]","[nan, nan, nan]","[nan, nan, nan]",2023-03-02 05:59:44,G19
235.0,"[nan, nan, nan]","[nan, nan, nan]","[nan, nan, nan]",2023-03-02 05:59:44,G20
236.0,"[nan, nan, nan]","[nan, nan, nan]","[nan, nan, nan]",2023-03-02 05:59:44,G21
237.0,"[nan, nan, nan]","[nan, nan, nan]","[nan, nan, nan]",2023-03-02 05:59:44,G22
238.0,"[nan, nan, nan]","[nan, nan, nan]","[nan, nan, nan]",2023-03-02 05:59:44,G23
239.0,"[nan, nan, nan]","[nan, nan, nan]","[nan, nan, nan]",2023-03-02 05:59:44,G24
240.0,"[nan, nan, nan]","[nan, nan, nan]","[nan, nan, nan]",2023-03-02 05:59:44,G25
241.0,"[nan, nan, nan]","[nan, nan, nan]","[nan, nan, nan]",2023-03-02 05:59:44,G26
242.0,"[nan, nan, nan]","[nan, nan, nan]","[nan, nan, nan]",2023-03-02 05:59:44,G27
243.0,"[nan, nan, nan]","[nan, nan, nan]","[nan, nan, nan]",2023-03-02 05:59:44,G28
244.0,"[nan, nan, nan]","[nan, nan, nan]","[nan, nan, nan]",2023-03-02 05:59:44,G29
245.0,"[nan, nan, nan]","[nan, nan, nan]","[nan, nan, nan]",2023-03-02 05:59:44,G30
246.0,"[nan, nan, nan]","[nan, nan, nan]","[nan, nan, nan]",2023-03-02 05:59:44,G31
247.0,"[nan, nan, nan]","[nan, nan, nan]","[nan, nan, nan]",2023-03-02 05:59:44,G32
248.0,"[nan, nan, nan]","[nan, nan, nan]","[nan, nan, nan]",2023-03-02 06:00:00,G01
249.0,"[nan, nan, nan]","[nan, nan, nan]","[nan, nan, nan]",2023-03-02 06:00:00,G02
250.0,"[nan, nan, nan]","[nan, nan, nan]","[nan, nan, nan]",2023-03-02 06:00:00,G03
251.0,"[nan, nan, nan]","[nan, nan, nan]","[nan, nan, nan]",2023-03-02 06:00:00,G05
252.0,"[nan, nan, nan]","[nan, nan, nan]","[nan, nan, nan]",2023-03-02 06:00:00,G06
253.0,"[nan, nan, nan]","[nan, nan, nan]","[nan, nan, nan]",2023-03-02 06:00:00,G07
254.0,"[nan, nan, nan]","[nan, nan, nan]","[nan, nan, nan]",2023-03-02 06:00:00,G08
255.0,"[-8317205.257999869, 23981183.853519168, -7612151.16379024]","[-169.36818957525682, -1432.8607238991733, -2970.389290275524]","[-0.0750297087160971, -0.36149691332927436, 0.1630959121220092]",2023-03-02 06:00:00,G09
256.0,"[nan, nan, nan]","[nan, nan, nan]","[nan, nan, nan]",2023-03-02 06:00:00,G10
257.0,"[15159900.177066501, -16022552.31354396, 14769787.502775399]","[1839.4871062344218, 2276.3150684904635, -2346.5066440649675]","[0.08958759599677488, -0.012086439214719774, -0.3147550948031622]",2023-03-02 06:00:00,G11
258.0,"[nan, nan, nan]","[nan, nan, nan]","[nan, nan, nan]",2023-03-02 06:00:00,G12
259.0,"[nan, nan, nan]","[nan, nan, nan]","[nan, nan, nan]",2023-03-02 06:00:00,G13
260.0,"[nan, nan, nan]","[nan, nan, nan]","[nan, nan, nan]",2023-03-02 06:00:00,G14
261.0,"[nan, nan, nan]","[nan, nan, nan]","[nan, nan, nan]",2023-03-02 06:00:00,G15
262.0,"[nan, nan, nan]","[nan, nan, nan]","[nan, nan, nan]",2023-03-02 06:00:00,G16
263.0,"[nan, nan, nan]","[nan, nan, nan]","[nan, nan, nan]",2023-03-02 06:00:00,G17
264.0,"[nan, nan, nan]","[nan, nan, nan]","[nan, nan, nan]",2023-03-02 06:00:00,G18
265.0,"[nan, nan, nan]","[nan, nan, nan]","[nan, nan, nan]",2023-03-02 06:00:00,G19
266.0,"[nan, nan, nan]","[nan, nan, nan]","[nan, nan, nan]",2023-03-02 06:00:00,G20
267.0,"[nan, nan, nan]","[nan, nan, nan]","[nan, nan, nan]",2023-03-02 06:00:00,G21
268.0,"[nan, nan, nan]","[nan, nan, nan]","[nan, nan, nan]",2023-03-02 06:00:00,G22
269.0,"[nan, nan, nan]","[nan, nan, nan]","[nan, nan, nan]",2023-03-02 06:00:00,G23
270.0,"[nan, nan, nan]","[nan, nan, nan]","[nan, nan, nan]",2023-03-02 06:00:00,G24
271.0,"[nan, nan, nan]","[nan, nan, nan]","[nan, nan, nan]",2023-03-02 06:00:00,G25
272.0,"[nan, nan, nan]","[nan, nan, nan]","[nan, nan, nan]",2023-03-02 06:00:00,G26
273.0,"[4038552.5427900217, -25936390.753035106, -677118.1998939973]","[288.7553385927298, 649.6810769122127, -3228.5035834168466]","[0.027298289575346524, 0.3910819301571399, 0.014912789861991689]",2023-03-02 06:00:00,G27
274.0,"[nan, nan, nan]","[nan, nan, nan]","[nan, nan, nan]",2023-03-02 06:00:00,G28
275.0,"[nan, nan, nan]","[nan, nan, nan]","[nan, nan, nan]",2023-03-02 06:00:00,G29
276.0,"[nan, nan, nan]","[nan, nan, nan]","[nan, nan, nan]",2023-03-02 06:00:00,G30
277.0,"[nan, nan, nan]","[nan, nan, nan]","[nan, nan, nan]",2023-03-02 06:00:00,G31
278.0,"[nan, nan, nan]","[nan, nan, nan]","[nan, nan, nan]",2023-03-02 06:00:00,G32
279.0,"[nan, nan, nan]","[nan, nan, nan]","[nan, nan, nan]",2023-03-02 07:59:44,G01
280.0,"[nan, nan, nan]","[nan, nan, nan]","[nan, nan, nan]",2023-03-02 07:59:44,G02
281.0,"[nan, nan, nan]","[nan, nan, nan]","[nan, nan, nan]",2023-03-02 07:59:44,G03
282.0,"[1853601.160613094, 15252092.40740621, -21639943.615639426]","[-2741.575981140435, 263.3054875761999, -414.07713596362623]","[0.008741199264285307, 0.1557856731650102, 0.4614223285255534]",2023-03-02 07:59:44,G05
283.0,"[nan, nan, nan]","[nan, nan, nan]","[nan, nan, nan]",2023-03-02 07:59:44,G06
284.0,"[nan, nan, nan]","[nan, nan, nan]","[nan, nan, nan]",2023-03-02 07:59:44,G07
285.0,"[nan, nan, nan]","[nan, nan, nan]","[nan, nan, nan]",2023-03-02 07:59:44,G08
286.0,"[nan, nan, nan]","[nan, nan, nan]","[nan, nan, nan]",2023-03-02 07:59:44,G09
287.0,"[nan, nan, nan]","[nan, nan, nan]","[nan, nan, nan]",2023-03-02 07:59:44,G10
288.0,"[nan, nan, nan]","[nan, nan, nan]","[nan, nan, nan]",2023-03-02 07:59:44,G11
289.0,"[nan, nan, nan]","[nan, nan, nan]","[nan, nan, nan]",2023-03-02 07:59:44,G12
290.0,"[nan, nan, nan]","[nan, nan, nan]","[nan, nan, nan]",2023-03-02 07:59:44,G13
291.0,"[nan, nan, nan]","[nan, nan, nan]","[nan, nan, nan]",2023-03-02 07:59:44,G14
292.0,"[nan, nan, nan]","[nan, nan, nan]","[nan, nan, nan]",2023-03-02 07:59:44,G15
293.0,"[nan, nan, nan]","[nan, nan, nan]","[nan, nan, nan]",2023-03-02 07:59:44,G16
294.0,"[nan, nan, nan]","[nan, nan, nan]","[nan, nan, nan]",2023-03-02 07:59:44,G17
295.0,"[nan, nan, nan]","[nan, nan, nan]","[nan, nan, nan]",2023-03-02 07:59:44,G18
296.0,"[nan, nan, nan]","[nan, nan, nan]","[nan, nan, nan]",2023-03-02 07:59:44,G19
297.0,"[nan, nan, nan]","[nan, nan, nan]","[nan, nan, nan]",2023-03-02 07:59:44,G20
298.0,"[nan, nan, nan]","[nan, nan, nan]","[nan, nan, nan]",2023-03-02 07:59:44,G21
299.0,"[nan, nan, nan]","[nan, nan, nan]","[nan, nan, nan]",2023-03-02 07:59:44,G22
300.0,"[nan, nan, nan]","[nan, nan, nan]","[nan, nan, nan]",2023-03-02 07:59:44,G23
301.0,"[nan, nan, nan]","[nan, nan, nan]","[nan, nan, nan]",2023-03-02 07:59:44,G24
302.0,"[nan, nan, nan]","[nan, nan, nan]","[nan, nan, nan]",2023-03-02 07:59:44,G25
303.0,"[nan, nan, nan]","[nan, nan, nan]","[nan, nan, nan]",2023-03-02 07:59:44,G26
304.0,"[nan, nan, nan]","[nan, nan, nan]","[nan, nan, nan]",2023-03-02 07:59:44,G27
305.0,"[nan, nan, nan]","[nan, nan, nan]","[nan, nan, nan]",2023-03-02 07:59:44,G28
306.0,"[nan, nan, nan]","[nan, nan, nan]","[nan, nan, nan]",2023-03-02 07:59:44,G29
307.0,"[nan, nan, nan]","[nan, nan, nan]","[nan, nan, nan]",2023-03-02 07:59:44,G30
308.0,"[nan, nan, nan]","[nan, nan, nan]","[nan, nan, nan]",2023-03-02 07:59:44,G31
309.0,"[nan, nan, nan]","[nan, nan, nan]","[nan, nan, nan]",2023-03-02 07:59:44,G32
310.0,"[nan, nan, nan]","[nan, nan, nan]","[nan, nan, nan]",2023-03-02 08:00:00,G01
311.0,"[-18937852.147301085, 6140426.311806154, 18031373.40845183]","[1160.849071682428, -3181.8600120452793, 1783.3891566866262]","[-0.17527228117583504, -0.26293438324210155, -0.3709045395744971]",2023-03-02 08:00:00,G02
312.0,"[nan, nan, nan]","[nan, nan, nan]","[nan, nan, nan]",2023-03-02 08:00:00,G03
313.0,"[nan, nan, nan]","[nan, nan, nan]","[nan, nan, nan]",2023-03-02 08:00:00,G05
314.0,"[nan, nan, nan]","[nan, nan, nan]","[nan, nan, nan]",2023-03-02 08:00:00,G06
315.0,"[15242505.409154428, 5156395.386506535, 21233917.751876734]","[-1643.5857090653762, 2612.8487876056006, 582.8319476585835]","[0.14089719164914327, 0.15845820468700347, -0.447564206921178]",2023-03-02 08:00:00,G07
316.0,"[7337496.232449032, -16740623.754082624, -19124272.4531843]","[1113.9928507368932, 1457.624282562427, -1519.5989874735767]","[0.09364468031536162, 0.10889318139287514, 0.4117696399045877]",2023-03-02 08:00:00,G08
317.0,"[nan, nan, nan]","[nan, nan, nan]","[nan, nan, nan]",2023-03-02 08:00:00,G09
318.0,"[nan, nan, nan]","[nan, nan, nan]","[nan, nan, nan]",2023-03-02 08:00:00,G10
319.0,"[nan, nan, nan]","[nan, nan, nan]","[nan, nan, nan]",2023-03-02 08:00:00,G11
320.0,"[nan, nan, nan]","[nan, nan, nan]","[nan, nan, nan]",2023-03-02 08:00:00,G12
321.0,"[-3240972.6702452535, 22919548.331534907, -12722592.819705982]","[-617.8872810762782, -760.8410425854374, -2615.812167060851]","[-0.05809507670271861, -0.2837565476536466, 0.2752392392935175]",2023-03-02 08:00:00,G13
322.0,"[19303178.022381328, 12870434.49724457, 13049010.94437971]","[-1671.9064894824037, 3006.4007251476896, 2503.778887488956]","[0.13314805339500457, 0.040267040705386906, -0.27583160931170037]",2023-03-02 08:00:00,G14
323.0,"[11605898.591699885, 23362643.73236595, -2093314.5709711805]","[-511.30183158917635, 1868.3349904569598, -3141.446664634536]","[0.07607515629730385, -0.3207975887531891, 0.0465654215264531]",2023-03-02 08:00:00,G15
324.0,"[nan, nan, nan]","[nan, nan, nan]","[nan, nan, nan]",2023-03-02 08:00:00,G16
325.0,"[8359943.331255707, -15668689.083312146, -19526231.423368968]","[987.2796453369008, 1705.6386751760679, -1484.8906945088813]","[0.1120204780355668, 0.11228724484757506, 0.4232785796187071]",2023-03-02 08:00:00,G17
326.0,"[nan, nan, nan]","[nan, nan, nan]","[nan, nan, nan]",2023-03-02 08:00:00,G18
327.0,"[nan, nan, nan]","[nan, nan, nan]","[nan, nan, nan]",2023-03-02 08:00:00,G19
328.0,"[25218096.909132168, -5075704.44145848, 6155143.172918959]","[795.8880759761032, 4004.597776649478, -3026.13063374814]","[0.17488095837999781, -0.033721815178142725, -0.1326210009701849]",2023-03-02 08:00:00,G20
329.0,"[nan, nan, nan]","[nan, nan, nan]","[nan, nan, nan]",2023-03-02 08:00:00,G21
330.0,"[nan, nan, nan]","[nan, nan, nan]","[nan, nan, nan]",2023-03-02 08:00:00,G22
331.0,"[-11165939.184115497, -14494936.342371916, 19304399.991376165]","[2440.2175489241645, -1679.2111429112795, 1519.6578977595007]","[-0.067774768603138, -0.12595382591041052, -0.4089530383024586]",2023-03-02 08:00:00,G23
332.0,"[-128189.63054969907, 22139707.352863118, 14171945.802846462]","[-1156.447186260745, 97.30678733643867, -2354.307227375869]","[0.01632253629999314, -0.1994029601970102, -0.31102041578385253]",2023-03-02 08:00:00,G24
333.0,"[nan, nan, nan]","[nan, nan, nan]","[nan, nan, nan]",2023-03-02 08:00:00,G25
334.0,"[nan, nan, nan]","[nan, nan, nan]","[nan, nan, nan]",2023-03-02 08:00:00,G26
335.0,"[nan, nan, nan]","[nan, nan, nan]","[nan, nan, nan]",2023-03-02 08:00:00,G27
336.0,"[nan, nan, nan]","[nan, nan, nan]","[nan, nan, nan]",2023-03-02 08:00:00,G28
337.0,"[nan, nan, nan]","[nan, nan, nan]","[nan, nan, nan]",2023-03-02 08:00:00,G29
338.0,"[17196466.093287475, 2304534.908332902, 20181038.063768715]","[-1518.2255110621427, 2883.001388744496, 1027.4897791711742]","[0.1483491887966255, 0.18495488039966582, -0.4267339617658589]",2023-03-02 08:00:00,G30
339.0,"[nan, nan, nan]","[nan, nan, nan]","[nan, nan, nan]",2023-03-02 08:00:00,G31
